{
    "index": "/index.html",
    "appData": {
        "version": "0.0.26"
    },
    "assetGroups": [
        {
            "name": "app",
            "installMode": "prefetch",
            "resources": {
                "files": [
                    "/favicon.ico",
                    "/index.html",
                    "/*.css",
                    "/*.js",
                    "/*.woff",
                    "/*.woff2",
                    "/*.ttf",
                    "/*.eot"
                ]
            }
        },
        {
            "name": "assets",
            "installMode": "lazy",
            "updateMode": "prefetch",
            "resources": {
                "files": [
                    "/assets/**"
                ]
            }
        }
    ],
    "dataGroups": [{
        "name": "api",
        "urls": [
            "/jokes/random"
        ],
        "cacheConfig": {
            "maxSize": 100,
            "maxAge": "1h",
            "timeout": "10s",
            "strategy": "freshness"
        }
    }]
}
